ref,id,name,stage,recipe,fps,loop,xp_mode
E01,plain-egg,"Plain Egg",egg,BREATHE,5,pingpong,crack
E02,speckled-egg,"Speckled Egg",egg,BREATHE,5,pingpong,crack
E03,nimbus-egg,"Nimbus Egg",egg,BREATHE,4,pingpong,crack
E04,geminae-egg,"Geminae Egg",egg,PULSE,6,pingpong,crack
E05,frostflake-egg,"Frostflake Egg",egg,PULSE,4,pingpong,crack
E06,mosscap-egg,"Mosscap Egg",egg,BREATHE,6,pingpong,crack
E07,marbled-egg,"Marbled Egg",egg,BREATHE,8,loop,crack
E08,veined-egg,"Veined Egg",egg,BREATHE,5,pingpong,crack
E09,glowspot-egg,"Glowspot Egg",egg,PULSE,6,loop,crack
E10,emberheart-egg,"Emberheart Egg",egg,PULSE,7,pingpong,crack
E11,halo-egg,"Halo Egg",egg,BREATHE,6,pingpong,crack
E12,faultline-egg,"Faultline Egg",egg,BREATHE,6,pingpong,crack
E13,marblewhorl-egg,"Marblewhorl Egg",egg,BOB,4,pingpong,crack
E14,cowl-egg,"Cowl Egg",egg,BREATHE,4,pingpong,crack
E15,lanternstone-egg,"Lanternstone Egg",egg,PULSE,6,pingpong,crack
E16,netshell-egg,"Netshell Egg",egg,BOB,7,pingpong,crack
E17,plume-egg,"Plume Egg",egg,BREATHE,7,pingpong,crack
E18,prismstone-egg,"Prismstone Egg",egg,PULSE,6,pingpong,crack
E19,starchart-egg,"Starchart Egg",egg,PULSE,4,pingpong,crack
E20,tallow-egg,"Tallow Egg",egg,BOB,7,pingpong,crack
E21,bracken-egg,"Bracken Egg",egg,BREATHE,6,pingpong,crack
E22,ripplecore-egg,"Ripplecore Egg",egg,PULSE,7,pingpong,crack
E23,ashfade-egg,"Ashfade Egg",egg,BREATHE,4,pingpong,crack
E24,ironvein-egg,"Ironvein Egg",egg,BREATHE,5,pingpong,crack
E25,lattice-egg,"Lattice Egg",egg,BREATHE,4,pingpong,crack
E26,coronet-egg,"Coronet Egg",egg,BREATHE,6,pingpong,crack
E27,cloudmark-egg,"Cloudmark Egg",egg,BOB,5,pingpong,crack
E28,swirlstone-egg,"Swirlstone Egg",egg,BREATHE,7,pingpong,crack
E29,grainshell-egg,"Grainshell Egg",egg,BOB,6,pingpong,crack
E30,aureole-egg,"Aureole Egg",egg,BREATHE,5,pingpong,crack
E31,threadvein-egg,"Threadvein Egg",egg,BREATHE,4,pingpong,crack
E32,diadem-egg,"Diadem Egg",egg,BREATHE,5,pingpong,crack
E33,riftshell-egg,"Riftshell Egg",egg,BREATHE,5,pingpong,crack
E34,sunspire-egg,"Sunspire Egg",egg,PULSE,5,pingpong,crack
E35,inkdip-egg,"Inkdip Egg",egg,BREATHE,5,pingpong,crack
E36,waning-egg,"Waning Egg",egg,BREATHE,7,pingpong,crack
E37,burrshell-egg,"Burrshell Egg",egg,BREATHE,5,pingpong,crack
E38,bullseye-egg,"Bullseye Egg",egg,PULSE,4,pingpong,crack
E39,fluted-egg,"Fluted Egg",egg,BREATHE,6,pingpong,crack
E40,quail-egg,"Quail Egg",egg,BREATHE,7,pingpong,crack
E41,spotted-egg,"Spotted Egg",egg,BREATHE,5,pingpong,crack
E42,barnacle-egg,"Barnacle Egg",egg,BREATHE,6,pingpong,crack
E43,serpenteye-egg,"Serpenteye Egg",egg,PULSE,5,pingpong,crack
E44,bindweed-egg,"Bindweed Egg",egg,BREATHE,5,pingpong,crack
E45,carapace-egg,"Carapace Egg",egg,BREATHE,7,pingpong,crack
E46,ridgeback-egg,"Ridgeback Egg",egg,BREATHE,4,pingpong,crack
E47,seafoam-egg,"Seafoam Egg",egg,BREATHE,4,pingpong,crack
E48,vitrine-egg,"Vitrine Egg",egg,PULSE,4,pingpong,crack
E49,knotmesh-egg,"Knotmesh Egg",egg,PULSE,7,pingpong,crack
E50,paperlantern-egg,"Paperlantern Egg",egg,PULSE,7,pingpong,crack
G01,grub,"Grub",grub,WOBBLE,7,pingpong,grow
G02,grub-tubby,"Tubby Grub",grub,BOB,6,pingpong,grow
G03,grub-thread,"Thread Grub",grub,SWAY,8,pingpong,grow
G04,grub-spined,"Spined Grub",grub,WOBBLE,6,pingpong,grow
G05,grub-curled,"Curled Grub",grub,BREATHE,5,pingpong,grow
G06,grub-humped,"Humped Grub",grub,BOB,6,pingpong,grow
G07,grub-ribbed,"Ribbed Grub",grub,WOBBLE,7,pingpong,grow
G08,grub-spotted,"Spotted Grub",grub,BOB,5,pingpong,grow
G09,grub-bristle,"Bristle Grub",grub,WOBBLE,8,loop,grow
G10,grub-armored,"Armored Grub",grub,SWAY,5,pingpong,grow
G11,grub-glowback,"Glowback Grub",grub,PULSE,6,loop,grow
G12,grub-thorned,"Thorned Grub",grub,WOBBLE,6,pingpong,grow
G13,grub-sleek,"Sleek Grub",grub,BOB,6,pingpong,grow
G14,grub-mite,"Mite Grub",grub,WOBBLE,8,pingpong,grow
G15,grub-tusked,"Tusked Grub",grub,BOB,5,pingpong,grow
G16,grub-frilled,"Frilled Grub",grub,SWAY,6,pingpong,grow
G17,grub-crested,"Crested Grub",grub,BOB,6,pingpong,grow
G18,grub-royal,"Royal Grub",grub,BREATHE,5,pingpong,grow
G19,grub-blind,"Blind Grub",grub,SWAY,7,pingpong,grow
G20,grub-dorsal,"Dorsal Grub",grub,WOBBLE,6,pingpong,grow
G21,grub-molting,"Molting Grub",grub,BREATHE,5,pingpong,grow
G22,grub-gemmed,"Gemmed Grub",grub,PULSE,6,pingpong,grow
G23,grub-pillar,"Pillar Grub",grub,BOB,6,pingpong,grow
G24,grub-serpent,"Serpent Grub",grub,SWAY,7,pingpong,grow
G25,grub-cinched,"Cinched Grub",grub,BREATHE,5,pingpong,grow
G26,grub-banana,"Banana Grub",grub,WOBBLE,6,pingpong,grow
G27,grub-bulbous,"Bulbous Grub",grub,BREATHE,5,pingpong,grow
G28,grub-tailed,"Tailed Grub",grub,WOBBLE,7,pingpong,grow
G29,grub-recumbent,"Recumbent Grub",grub,BOB,5,pingpong,grow
G30,grub-kinked,"Kinked Grub",grub,SWAY,6,pingpong,grow
G31,grub-footed,"Footed Grub",grub,WOBBLE,7,pingpong,grow
G32,grub-spindle,"Spindle Grub",grub,BOB,6,pingpong,grow
G33,grub-hooked,"Hooked Grub",grub,SWAY,6,pingpong,grow
G34,grub-twinlobe,"Twinlobe Grub",grub,PULSE,6,pingpong,grow
G35,grub-acorn,"Acorn Grub",grub,BOB,5,pingpong,grow
G36,grub-comet,"Comet Grub",grub,SWAY,7,pingpong,grow
G37,grub-knuckled,"Knuckled Grub",grub,WOBBLE,7,pingpong,grow
G38,grub-broadback,"Broadback Grub",grub,BOB,5,pingpong,grow
G39,grub-warty,"Warty Grub",grub,WOBBLE,6,pingpong,grow
G40,grub-lantern,"Lantern Grub",grub,PULSE,6,pingpong,grow
G41,grub-plated,"Plated Grub",grub,BOB,5,pingpong,grow
G42,grub-whisker,"Whisker Grub",grub,SWAY,8,pingpong,grow
G43,grub-saddleback,"Saddleback Grub",grub,BREATHE,5,pingpong,grow
G44,grub-pebble,"Pebble Grub",grub,BREATHE,4,pingpong,grow
G45,grub-stilted,"Stilted Grub",grub,SWAY,6,pingpong,grow
G46,grub-forked,"Forked Grub",grub,WOBBLE,6,pingpong,grow
G47,grub-flask,"Flask Grub",grub,BREATHE,5,pingpong,grow
G48,grub-loop,"Loop Grub",grub,WOBBLE,6,pingpong,grow
G49,grub-hooktail,"Hooktail Grub",grub,SWAY,6,pingpong,grow
G50,grub-weaver,"Weaver Grub",grub,SWAY,7,pingpong,grow
G51,grub-eared,"Eared Grub",grub,BOB,5,pingpong,grow
G52,grub-pyriform,"Pyriform Grub",grub,BREATHE,4,pingpong,grow
G53,grub-chevron,"Chevron Grub",grub,BOB,6,pingpong,grow
G54,grub-dappled,"Dappled Grub",grub,WOBBLE,7,pingpong,grow
G55,grub-tshape,"Tee Grub",grub,BOB,5,pingpong,grow
G56,grub-waisted,"Waisted Grub",grub,BREATHE,5,pingpong,grow
G57,grub-blotched,"Blotched Grub",grub,WOBBLE,6,pingpong,grow
G58,grub-horned,"Horned Grub",grub,BOB,6,pingpong,grow
G59,grub-spiral,"Spiral Grub",grub,SWAY,6,pingpong,grow
G60,grub-laced,"Laced Grub",grub,BREATHE,5,pingpong,grow
G61,grub-twinhead,"Twinhead Grub",grub,WOBBLE,7,pingpong,grow
G62,grub-ringed,"Ringed Grub",grub,BOB,6,pingpong,grow
G63,grub-caterpillar,"Caterpillar Grub",grub,WOBBLE,8,pingpong,grow
G64,grub-quadfoot,"Quadfoot Grub",grub,BOB,6,pingpong,grow
G65,grub-ripple,"Ripple Grub",grub,SWAY,7,pingpong,grow
G66,grub-orb,"Orb Grub",grub,PULSE,5,pingpong,grow
G67,grub-cone,"Cone Grub",grub,BOB,5,pingpong,grow
G68,grub-cinch,"Cinch Grub",grub,BREATHE,5,pingpong,grow
G69,grub-slalom,"Slalom Grub",grub,SWAY,7,pingpong,grow
G70,grub-crook,"Crook Grub",grub,SWAY,6,pingpong,grow
G71,grub-bossed,"Bossed Grub",grub,WOBBLE,6,pingpong,grow
G72,grub-fluted,"Fluted Grub",grub,BOB,6,pingpong,grow
G73,grub-shaded,"Shaded Grub",grub,BREATHE,4,pingpong,grow
G74,grub-zag,"Zag Grub",grub,SWAY,7,pingpong,grow
G75,grub-mailed,"Mailed Grub",grub,BOB,5,pingpong,grow
G76,grub-cobbled,"Cobbled Grub",grub,WOBBLE,7,pingpong,grow
G77,grub-yoked,"Yoked Grub",grub,BOB,5,pingpong,grow
G78,grub-beaded,"Beaded Grub",grub,WOBBLE,6,pingpong,grow
G79,grub-scroll,"Scroll Grub",grub,SWAY,6,pingpong,grow
G80,grub-noded,"Noded Grub",grub,BREATHE,5,pingpong,grow
G81,grub-panelled,"Panelled Grub",grub,BOB,6,pingpong,grow
G82,grub-tufted,"Tufted Grub",grub,WOBBLE,7,pingpong,grow
G83,grub-drifted,"Drifted Grub",grub,SWAY,6,pingpong,grow
G84,grub-clasped,"Clasped Grub",grub,BOB,5,pingpong,grow
G85,grub-tapered,"Tapered Grub",grub,BREATHE,5,pingpong,grow
G86,grub-barbed,"Barbed Grub",grub,WOBBLE,6,pingpong,grow
G87,grub-sickle,"Sickle Grub",grub,SWAY,6,pingpong,grow
G88,grub-splitface,"Platehead Grub",grub,BOB,6,pingpong,grow
G89,grub-forkhead,"Forkhead Grub",grub,WOBBLE,7,pingpong,grow
G90,grub-studded,"Studded Grub",grub,BOB,6,pingpong,grow
G91,grub-pleated,"Pleated Grub",grub,WOBBLE,7,pingpong,grow
G92,grub-corded,"Corded Grub",grub,BREATHE,5,pingpong,grow
G93,grub-ridgeback,"Ridgeback Grub",grub,BOB,6,pingpong,grow
G94,grub-yolked,"Yolked Grub",grub,WOBBLE,6,pingpong,grow
G95,grub-lobed,"Lobed Grub",grub,BREATHE,5,pingpong,grow
G96,grub-scythe,"Scythe Grub",grub,SWAY,6,pingpong,grow
G97,grub-woven,"Woven Grub",grub,WOBBLE,7,pingpong,grow
G98,grub-meander,"Meander Grub",grub,SWAY,7,pingpong,grow
G99,grub-nodule,"Nodule Grub",grub,BOB,5,pingpong,grow
G100,grub-columned,"Lanternbelly Grub",grub,PULSE,5,pingpong,grow
P01,silkspindle-cocoon,"Silkspindle Cocoon",pupa,SWAY,3,pingpong,crack
P02,threadwrap-chrysalis,"Threadwrap Chrysalis",pupa,SWAY,4,pingpong,crack
P03,ringed-cocoon,"Ringed Cocoon",pupa,BREATHE,5,pingpong,crack
P04,wingcase-chrysalis,"Wingcase Chrysalis",pupa,BREATHE,3,pingpong,crack
P05,gilded-chrysalis,"Gilded Chrysalis",pupa,PULSE,4,pingpong,crack
P06,dewsilk-cocoon,"Dewsilk Cocoon",pupa,BREATHE,5,pingpong,crack
P07,crystalis-chrysalis,"Crystalis Chrysalis",pupa,PULSE,3,pingpong,crack
P08,mossbound-cocoon,"Mossbound Cocoon",pupa,BREATHE,4,pingpong,crack
P09,veilmembrane-chrysalis,"Veilmembrane Chrysalis",pupa,BREATHE,5,pingpong,crack
P10,thornshell-chrysalis,"Thornshell Chrysalis",pupa,BREATHE,3,pingpong,crack
P11,watcher-chrysalis,"Watcher Chrysalis",pupa,PULSE,4,pingpong,crack
P12,chromepupa-chrysalis,"Chromepupa Chrysalis",pupa,BREATHE,5,pingpong,crack
P13,flasksilk-cocoon,"Flasksilk Cocoon",pupa,SWAY,3,pingpong,crack
P14,acorn-chrysalis,"Acorn Chrysalis",pupa,BREATHE,4,pingpong,crack
P15,quiltsilk-cocoon,"Quiltsilk Cocoon",pupa,BREATHE,5,pingpong,crack
P16,fluted-chrysalis,"Fluted Chrysalis",pupa,SWAY,3,pingpong,crack
P17,beadchain-chrysalis,"Beadchain Chrysalis",pupa,PULSE,4,pingpong,crack
P18,hoarsilk-cocoon,"Hoarsilk Cocoon",pupa,BREATHE,5,pingpong,crack
P19,combcell-cocoon,"Combcell Cocoon",pupa,BREATHE,3,pingpong,crack
P20,seamglow-chrysalis,"Seamglow Chrysalis",pupa,PULSE,4,pingpong,crack
P21,hornwrap-chrysalis,"Hornwrap Chrysalis",pupa,SWAY,5,pingpong,crack
P22,curlvein-chrysalis,"Curlvein Chrysalis",pupa,BREATHE,3,pingpong,crack
P23,twinlobe-cocoon,"Twinlobe Cocoon",pupa,BREATHE,4,pingpong,crack
P24,mirrorpupa-chrysalis,"Mirrorpupa Chrysalis",pupa,PULSE,5,pingpong,crack
P25,acorngild-chrysalis,"Acorngild Chrysalis",pupa,PULSE,3,pingpong,crack
P26,lacework-cocoon,"Lacework Cocoon",pupa,SWAY,4,pingpong,crack
P27,ribbed-cocoon,"Ribbed Cocoon",pupa,BREATHE,5,pingpong,crack
P28,marblesilk-cocoon,"Marblesilk Cocoon",pupa,BREATHE,3,pingpong,crack
P29,speckled-cocoon,"Speckled Cocoon",pupa,BREATHE,4,pingpong,crack
P30,tigersilk-cocoon,"Tigersilk Cocoon",pupa,BREATHE,5,pingpong,crack
P31,corering-chrysalis,"Corering Chrysalis",pupa,PULSE,3,pingpong,crack
P32,husk-cocoon,"Husk Cocoon",pupa,BREATHE,4,pingpong,crack
P33,shroud-chrysalis,"Shroud Chrysalis",pupa,SWAY,5,pingpong,crack
P34,nodepod-chrysalis,"Nodepod Chrysalis",pupa,PULSE,3,pingpong,crack
P35,duskband-chrysalis,"Duskband Chrysalis",pupa,BREATHE,4,pingpong,crack
P36,filigree-cocoon,"Filigree Cocoon",pupa,BREATHE,5,pingpong,crack
P37,keelglass-chrysalis,"Keelglass Chrysalis",pupa,PULSE,3,pingpong,crack
P38,gourdvein-cocoon,"Gourdvein Cocoon",pupa,BREATHE,4,pingpong,crack
P39,acornflute-chrysalis,"Acornflute Chrysalis",pupa,SWAY,5,pingpong,crack
P40,twinglow-chrysalis,"Twinglow Chrysalis",pupa,PULSE,3,pingpong,crack
P41,hornsegment-chrysalis,"Hornsegment Chrysalis",pupa,BREATHE,4,pingpong,crack
P42,marblepupa-chrysalis,"Marblepupa Chrysalis",pupa,BREATHE,5,pingpong,crack
P43,duskspindle-cocoon,"Duskspindle Cocoon",pupa,SWAY,3,pingpong,crack
P44,bandedhusk-cocoon,"Bandedhusk Cocoon",pupa,BREATHE,4,pingpong,crack
P45,grainsilk-cocoon,"Grainsilk Cocoon",pupa,BREATHE,5,pingpong,crack
P46,beadtube-chrysalis,"Beadtube Chrysalis",pupa,PULSE,3,pingpong,crack
P47,frostflask-cocoon,"Frostflask Cocoon",pupa,BREATHE,4,pingpong,crack
P48,keelnode-chrysalis,"Keelnode Chrysalis",pupa,PULSE,5,pingpong,crack
P49,quiltgourd-cocoon,"Quiltgourd Cocoon",pupa,BREATHE,3,pingpong,crack
P50,hornhusk-chrysalis,"Hornhusk Chrysalis",pupa,BREATHE,4,pingpong,crack
A001,owlwing-moth,"Ocellate Noctua",adult,HOVER,5,loop,grow
A002,bandwing-flutter,"Fasciate Vanessa",adult,RIPPLE,5,loop,grow
A003,swallowtail-drifter,"Caudate Papilio",adult,HOVER,5,loop,grow
A004,glasswing-darter,"Hyaline Darter",adult,TWITCH,7,pingpong,grow
A005,carapace-beetle,"Lacquer Carapace",adult,STRIDE,4,loop,grow
A006,fanwing-moth,"Flabellate Noctua",adult,THRASH,4,pingpong,grow
A008,ashen-moth,"Cinereous Noctua",adult,RIPPLE,5,loop,grow
A009,emberwing-flutter,"Ignis Vanessa",adult,BLINK,5,pingpong,grow
A011,sparkdarter,"Scintilla Darter",adult,BLINK,5,pingpong,grow
A012,bandshell-beetle,"Fasciate Elytra",adult,RIPPLE,5,loop,grow
A013,veilwing-sylph,"Velate Sylph",adult,HOVER,5,loop,grow
A016,watcher-flutter,"Ocellate Vanessa",adult,BLINK,5,pingpong,grow
A017,dawnwing-swallowtail,"Aurorate Papilio",adult,RIPPLE,5,loop,grow
A018,steelwing-darter,"Ferrous Darter",adult,TWITCH,7,pingpong,grow
A019,grainshell-beetle,"Granulate Elytra",adult,STRIDE,4,loop,grow
A020,glowlace-sylph,"Luminous Chrysopa",adult,BLINK,5,pingpong,grow
A021,sandfan-moth,"Arenose Flabellum",adult,THRASH,4,pingpong,grow
A022,twilight-hawkmoth,"Crepuscular Sphinx",adult,HOVER,5,loop,grow
A024,veinwing-swallowtail,"Venate Papilio",adult,BLINK,5,pingpong,grow
A025,moonwing-hawkmoth,"Selenic Sphinx",adult,RIPPLE,5,loop,grow
A026,domeback-beetle,"Fornicate Carapace",adult,STRIDE,4,loop,grow
A027,stag-beetle,"Mandibulate Lucanus",adult,TWITCH,7,pingpong,grow
A028,reaper-mantis,"Falcate Mantid",adult,THRASH,4,pingpong,grow
A029,paper-wasp,"Papyrine Vespid",adult,HOVER,5,loop,grow
A030,chorus-cicada,"Stridulate Cicada",adult,RIPPLE,5,loop,grow
A031,emberfly,"Photic Lampyrid",adult,BLINK,5,pingpong,grow
A032,spotshell-beetle,"Punctate Coccinella",adult,STRIDE,4,loop,grow
A033,snoutweevil,"Rostrate Curculio",adult,TWITCH,7,pingpong,grow
A034,twig-stalker,"Ramulose Phasmid",adult,THRASH,4,pingpong,grow
A035,reed-damselfly,"Gracile Zygopteran",adult,HOVER,5,loop,grow
A036,iron-hornet,"Ferrous Vespa",adult,TWITCH,7,pingpong,grow
A037,gilded-scarab,"Aurate Scarabaeus",adult,SPIN,7,loop,grow
A038,rhino-beetle,"Cornute Dynastes",adult,STRIDE,4,loop,grow
A039,hoverdrone,"Librate Syrphid",adult,HOVER,5,loop,grow
A040,forge-ant,"Fornaceous Formica",adult,STRIDE,4,loop,grow
A041,roostmoth,"Tectiform Noctua",adult,RIPPLE,5,loop,grow
A042,longhorn-beetle,"Longicorn Cerambyx",adult,TWITCH,7,pingpong,grow
A043,jewelback-beetle,"Iridescent Buprestid",adult,SPIN,7,loop,grow
A044,fielder-cricket,"Saltatory Gryllid",adult,STRIDE,4,loop,grow
A045,perched-lacewing,"Sedent Chrysopa",adult,THRASH,4,pingpong,grow
A046,fuzzbumble,"Villous Bombus",adult,HOVER,5,loop,grow
A047,clickshell-beetle,"Percussive Elater",adult,TWITCH,7,pingpong,grow
A048,tiger-runner,"Cursorial Cicindela",adult,STRIDE,4,loop,grow
A049,leafmimic,"Foliate Mimetic",adult,THRASH,4,pingpong,grow
A050,emperor-moth,"Imperial Saturnia",adult,FLAP,7,loop,grow
A051,crown-seraph,"Radiant Corolla",adult,PULSE,4,pingpong,grow
A052,prismwing,"Vitreous Prism",adult,FLAP,7,loop,grow
A053,hexeye-stalker,"Hexocellus",adult,BLINK,5,pingpong,grow
A054,tendrilus,"Filament Drifter",adult,THRASH,4,pingpong,grow
A055,corebloom,"Anthos Nucleus",adult,FLAP,7,loop,grow
A056,spirewalker,"Spinal Obelisk",adult,SWAY,4,pingpong,grow
A057,frillcrown,"Frilled Diadem",adult,BREATHE,4,pingpong,grow
A058,bulbmind,"Encephalon Bloom",adult,HOVER,5,loop,grow
A059,chitin-sovereign,"Laminate Chiton",adult,STRIDE,4,loop,grow
A063,rootstalker,"Rhizome Strider",adult,STRIDE,4,loop,grow
A064,sailfin,"Velum Dorsalis",adult,BOB,4,pingpong,grow
A065,twinsoul,"Binary Nucleus",adult,BLINK,5,pingpong,grow
A066,lanternhead,"Lumen Capitis",adult,RIPPLE,5,loop,grow
A067,bladewing,"Falcate Vane",adult,FLAP,7,loop,grow
A068,hivemind,"Colonial Ganglion",adult,TWITCH,7,pingpong,grow
A069,starcarapace,"Astral Carapace",adult,SPIN,7,loop,grow
A070,thornhalo,"Thorned Corona",adult,HOVER,5,loop,grow
A071,glasswidow,"Hyaline Veil",adult,FLAP,7,loop,grow
A072,the-ascendant,"Ascendant Imago",adult,FLAP,7,loop,grow
A073,voidmoth,"Umbral Noctua",adult,FLAP,7,loop,grow
A074,horus-ocellus,"Horus Ocellus",adult,RIPPLE,5,loop,grow
A075,oraphim-choir,"Oraphim Choir",adult,FLAP,7,loop,grow
A076,seraphim-ardens,"Seraphim Ardens",adult,PULSE,4,pingpong,grow
A078,fractal-nocturne,"Fractal Nocturne",adult,FLAP,7,loop,grow
A080,iris-cascade,"Iris Cascade",adult,FLAP,7,loop,grow
A082,kaleido-ocellus,"Kaleido Ocellus",adult,FLAP,7,loop,grow
A085,nebular-drifter,"Nebular Drifter",adult,FLAP,7,loop,grow
A088,pareidolia-mask,"Pareidolia Mask",adult,BREATHE,4,pingpong,grow
A091,prism-cathedral,"Prism Cathedral",adult,FLAP,7,loop,grow
A092,synapse-weaver,"Synapse Weaver",adult,HOVER,5,loop,grow
A094,aurora-filament,"Aurora Filament",adult,FLAP,7,loop,grow
A096,vitreous-anemone,"Vitreous Anemone",adult,WOBBLE,4,pingpong,grow
A097,umbral-mandala,"Umbral Mandala",adult,FLAP,7,loop,grow
A098,empyrean-imago,"Empyrean Imago",adult,FLAP,7,loop,grow
A099,costate-xenovane,"Costate Xenovane",adult,FLAP,7,loop,grow
A100,tricephalic-mutant,"Tricephalic Mutant",adult,TWITCH,7,pingpong,grow
A101,geodic-xenomorph,"Geodic Xenomorph",adult,STRIDE,4,loop,grow
A102,argus-corona,"Argus Corona",adult,BLINK,5,pingpong,grow
A103,caudate-xenoform,"Caudate Xenoform",adult,THRASH,4,pingpong,grow
A104,vitrine-gravid,"Vitrine Gravid",adult,BREATHE,4,pingpong,grow
A105,mycelial-bloom,"Mycelial Bloom",adult,RIPPLE,5,loop,grow
A106,lensate-ocellifer,"Lensate Ocellifer",adult,STRIDE,4,loop,grow
A107,volvate-xenoconch,"Volvate Xenoconch",adult,SPIN,7,loop,grow
A108,branchiate-cranium,"Branchiate Cranium",adult,RIPPLE,5,loop,grow
A109,cervine-xenoform,"Cervine Xenoform",adult,SWAY,4,pingpong,grow
A110,geminate-dyad,"Geminate Dyad",adult,FLAP,7,loop,grow
A112,larvate-masked,"Larvate Masked",adult,STRIDE,4,loop,grow
A113,orbital-assembly,"Orbital Assembly",adult,SPIN,7,loop,grow
A114,veliferous-xenoform,"Veliferous Xenoform",adult,THRASH,4,pingpong,grow
A116,dysplasic-asymmetra,"Dysplasic Asymmetra",adult,STRIDE,4,loop,grow
A123,apex-xenoimago,"Apex Xenoimago",adult,FLAP,7,loop,grow
A124,gracile-tipulid,"Gracile Tipulid",adult,HOVER,5,loop,grow
A125,culicid-vector,"Culicid Vector",adult,HOVER,5,loop,grow
A127,mantispid-raptor,"Mantispid Raptor",adult,THRASH,4,pingpong,grow
A129,ichneumonid-prober,"Ichneumonid Prober",adult,TWITCH,7,pingpong,grow
A130,tettigoniid-leafmimic,"Tettigoniid Leafmimic",adult,SWAY,4,pingpong,grow
A131,asilid-hunter,"Asilid Hunter",adult,TWITCH,7,pingpong,grow
A132,corydalid-mandibulate,"Corydalid Mandibulate",adult,FLAP,7,loop,grow
A133,membracid-horned,"Membracid Horned",adult,BOB,4,pingpong,grow
A134,reduviid-assassin,"Reduviid Assassin",adult,STRIDE,4,loop,grow
A135,cicadellid-wedge,"Cicadellid Wedge",adult,TWITCH,7,pingpong,grow
A136,myrmeleontid-drifter,"Myrmeleontid Drifter",adult,HOVER,5,loop,grow
A137,ephemerid-ephemeral,"Ephemerid Ephemeral",adult,SWAY,4,pingpong,grow
A138,trichopteran-tentwing,"Trichopteran Tentwing",adult,FLAP,7,loop,grow
A139,raphidiid-longneck,"Raphidiid Longneck",adult,SWAY,4,pingpong,grow
A140,plecopteran-flatwing,"Plecopteran Flatwing",adult,BREATHE,4,pingpong,grow
A141,aphidid-cornicle,"Aphidid Cornicle",adult,BOB,4,pingpong,grow
A142,panorpid-uptail,"Panorpid Uptail",adult,TWITCH,7,pingpong,grow
A143,bombyliid-hoverer,"Bombyliid Hoverer",adult,HOVER,5,loop,grow
A144,sesiid-mimic,"Sesiid Mimic",adult,FLAP,7,loop,grow
A145,thysanopteran-fringe,"Thysanopteran Fringe",adult,TWITCH,7,pingpong,grow
A146,chrysopid-longleg,"Chrysopid Longleg",adult,HOVER,5,loop,grow
A147,melolonthid-fanhorn,"Melolonthid Fanhorn",adult,STRIDE,4,loop,grow
A148,pentatomid-shield,"Pentatomid Shield",adult,BREATHE,4,pingpong,grow
A149,curculionid-rostrate,"Curculionid Rostrate",adult,STRIDE,4,loop,grow
A150,coenagrionid-slender,"Coenagrionid Slender",adult,HOVER,5,loop,grow
A151,tipulid-knobbed,"Tipulid Knobbed",adult,HOVER,5,loop,grow
A152,empusid-stickform,"Empusid Stickform",adult,SWAY,4,pingpong,grow
A153,belostomatid-diver,"Belostomatid Diver",adult,STRIDE,4,loop,grow
A154,cornute-geotrupid,"Cornute Geotrupid",adult,STRIDE,4,loop,grow
A155,lampyrid-nocturne,"Lampyrid Nocturne",adult,BLINK,5,pingpong,grow
A156,coccinellid-punctate,"Coccinellid Punctate",adult,BOB,4,pingpong,grow
A157,carabid-runner,"Carabid Runner",adult,STRIDE,4,loop,grow
A158,staphylinid-rover,"Staphylinid Rover",adult,STRIDE,4,loop,grow
A159,chrysidid-jewel,"Chrysidid Jewel",adult,FLAP,7,loop,grow
A160,mutillid-velvet,"Mutillid Velvet",adult,STRIDE,4,loop,grow
A161,apid-forager,"Apid Forager",adult,FLAP,7,loop,grow
A162,xylocopid-borer,"Xylocopid Borer",adult,FLAP,7,loop,grow
A163,tenthredinid-sawfly,"Tenthredinid Sawfly",adult,FLAP,7,loop,grow
A164,tabanid-biter,"Tabanid Biter",adult,HOVER,5,loop,grow
A165,syrphid-poiser,"Syrphid Poiser",adult,HOVER,5,loop,grow
A166,formicid-gyne,"Formicid Gyne",adult,STRIDE,4,loop,grow
A167,isopteran-alate,"Isopteran Alate",adult,BREATHE,4,pingpong,grow
A168,dermapteran-forceps,"Dermapteran Forceps",adult,TWITCH,7,pingpong,grow
A169,blattid-sprinter,"Blattid Sprinter",adult,STRIDE,4,loop,grow
A170,zygentoman-bristletail,"Zygentoman Bristletail",adult,TWITCH,7,pingpong,grow
A171,gryllotalpid-digger,"Gryllotalpid Digger",adult,STRIDE,4,loop,grow
A172,acridid-saltator,"Acridid Saltator",adult,BOB,4,pingpong,grow
A173,phylliid-leafform,"Phylliid Leafform",adult,SWAY,4,pingpong,grow
A174,tettigoniid-longhorn,"Tettigoniid Longhorn",adult,SWAY,4,pingpong,grow
A175,lucanid-mandibulate,"Lucanid Mandibulate",adult,TWITCH,7,pingpong,grow
A176,curculionid-snouted,"Curculionid Snouted",adult,STRIDE,4,loop,grow
A177,anisopteran-hawker,"Anisopteran Hawker",adult,HOVER,5,loop,grow
A178,ascalaphid-nightwing,"Ascalaphid Nightwing",adult,FLAP,7,loop,grow
A179,nycteribiid-crawler,"Nycteribiid Crawler",adult,STRIDE,4,loop,grow
A180,alticine-jumper,"Alticine Jumper",adult,BOB,4,pingpong,grow
A181,formicid-major,"Formicid Major",adult,STRIDE,4,loop,grow
A182,vespid-sovereign,"Vespid Sovereign",adult,FLAP,7,loop,grow
A183,arctiid-tigrine,"Arctiid Tigrine",adult,FLAP,7,loop,grow
A184,catocaline-underwing,"Catocaline Underwing",adult,FLAP,7,loop,grow
A185,pterophorid-plume,"Pterophorid Plume",adult,HOVER,5,loop,grow
A186,sphingid-swiftwing,"Sphingid Swiftwing",adult,FLAP,7,loop,grow
A187,hemileucid-ocellate,"Hemileucid Ocellate",adult,BLINK,5,pingpong,grow
A188,sesiid-vitreous,"Sesiid Vitreous",adult,FLAP,7,loop,grow
A189,hesperiid-skipper,"Hesperiid Skipper",adult,TWITCH,7,pingpong,grow
A190,lycaenid-azure,"Lycaenid Azure",adult,FLAP,7,loop,grow
A191,nymphalid-fritillate,"Nymphalid Fritillate",adult,FLAP,7,loop,grow
A192,morphine-iridescent,"Morphine Iridescent",adult,SPIN,7,loop,grow
A193,cerambycid-longicorn,"Cerambycid Longicorn",adult,TWITCH,7,pingpong,grow
A194,cassidine-tortoise,"Cassidine Tortoise",adult,BREATHE,4,pingpong,grow
A195,dytiscid-diver,"Dytiscid Diver",adult,STRIDE,4,loop,grow
A196,gyrinid-whirler,"Gyrinid Whirler",adult,STRIDE,4,loop,grow
A197,mantid-slender,"Mantid Slender",adult,THRASH,4,pingpong,grow
A198,myrmeleon-larval,"Myrmeleon Larval",adult,WOBBLE,4,pingpong,grow
A199,cicadid-broadhead,"Cicadid Broadhead",adult,BREATHE,4,pingpong,grow
A200,cercopid-frothspit,"Cercopid Frothspit",adult,BOB,4,pingpong,grow
A201,fulgorid-lantern,"Fulgorid Lantern",adult,RIPPLE,5,loop,grow
A202,scutellerid-jewelshield,"Scutellerid Jewelshield",adult,BREATHE,4,pingpong,grow
A203,nepid-ambusher,"Nepid Ambusher",adult,THRASH,4,pingpong,grow
A204,notonectid-rower,"Notonectid Rower",adult,STRIDE,4,loop,grow
A205,phasmid-elongate,"Phasmid Elongate",adult,SWAY,4,pingpong,grow
A206,membracid-thorned,"Membracid Thorned",adult,BOB,4,pingpong,grow
A207,pyralid-snouted,"Pyralid Snouted",adult,FLAP,7,loop,grow
A208,cynipid-gallformer,"Cynipid Gallformer",adult,TWITCH,7,pingpong,grow
A209,asilid-marauder,"Asilid Marauder",adult,HOVER,5,loop,grow
A210,oribatid-armoured,"Oribatid Armoured",adult,STRIDE,4,loop,grow
A211,myrmeleontid-nightdrift,"Myrmeleontid Nightdrift",adult,HOVER,5,loop,grow
A212,saturnia-scarabaeus-graft,"Saturnia-Scarabaeus Graft",adult,FLAP,7,loop,grow
A213,horus-mantid-chimera,"Horus-Mantid Chimera",adult,FLAP,7,loop,grow
A214,seraphim-volute-implant,"Seraphim-Volute Implant",adult,FLAP,7,loop,grow
A215,oraphim-ganglion-mosaic,"Oraphim-Ganglion Mosaic",adult,HOVER,5,loop,grow
A216,mandala-phasmid-graft,"Mandala-Phasmid Graft",adult,STRIDE,4,loop,grow
A218,encephalon-cerambyx-graft,"Encephalon-Cerambyx Graft",adult,RIPPLE,5,loop,grow
A219,hyaline-coccinella-chimera,"Hyaline-Coccinella Chimera",adult,FLAP,7,loop,grow
A220,filigree-gryllid-mosaic,"Filigree-Gryllid Mosaic",adult,FLAP,7,loop,grow
A222,iris-cicindela-graft,"Iris-Cicindela Graft",adult,STRIDE,4,loop,grow
A223,umbral-vespid-chimera,"Umbral-Vespid Chimera",adult,BLINK,5,pingpong,grow
A227,helix-curculio-mosaic,"Helix-Curculio Mosaic",adult,HOVER,5,loop,grow
A228,pareidolia-lucanus-chimera,"Pareidolia-Lucanus Chimera",adult,STRIDE,4,loop,grow
A230,synapse-elater-mosaic,"Synapse-Elater Mosaic",adult,RIPPLE,5,loop,grow
A231,aurora-mimetic-chimera,"Aurora-Mimetic Chimera",adult,FLAP,7,loop,grow
A233,anemone-formica-graft,"Anemone-Formica Graft",adult,HOVER,5,loop,grow
A234,empyrean-buprestid-mosaic,"Empyrean-Buprestid Mosaic",adult,STRIDE,4,loop,grow
A235,tessellate-vespa-chimera,"Tessellate-Vespa Chimera",adult,BLINK,5,pingpong,grow
A236,nebular-sphinx-graft,"Nebular-Sphinx Graft",adult,RIPPLE,5,loop,grow
